{"cameraMode":{"drawMode":0,"name":"Shaded","section":"Shading Mode"},"sceneLighting":false,"audioPlay":false,"sceneViewState":{"showFog":true,"showMaterialUpdate":false,"showSkybox":true,"showFlares":true,"showImageEffects":true,"showParticleSystems":true},"in2DMode":false,"pivot":{"x":0.2312297821044922,"y":6.524531364440918,"z":0.09685039520263672},"rotation":{"x":-0.1025751531124115,"y":0.8533890247344971,"z":-0.1835079789161682,"w":-0.4770118296146393},"size":101.00093078613281,"orthographic":false}