{"cameraMode":{"drawMode":0,"name":"Shaded","section":"Shading Mode"},"sceneLighting":false,"audioPlay":false,"sceneViewState":{"showFog":true,"showMaterialUpdate":false,"showSkybox":true,"showFlares":true,"showImageEffects":true,"showParticleSystems":true},"in2DMode":false,"pivot":{"x":0.3400057256221771,"y":0.5239672660827637,"z":25.81064224243164},"rotation":{"x":-0.08693646639585495,"y":0.8543470501899719,"z":-0.15176992118358613,"w":-0.48939162492752077},"size":0.8282012939453125,"orthographic":false}