{"cameraMode":{"drawMode":0,"name":"Shaded","section":"Shading Mode"},"sceneLighting":false,"audioPlay":false,"sceneViewState":{"showFog":true,"showMaterialUpdate":false,"showSkybox":true,"showFlares":true,"showImageEffects":true,"showParticleSystems":true},"in2DMode":false,"pivot":{"x":0.6199995875358582,"y":2.067934989929199,"z":30.14531898498535},"rotation":{"x":0.05243932828307152,"y":0.8618733882904053,"z":-0.09110064804553986,"w":0.49611303210258486},"size":9.001787185668946,"orthographic":false}