{"cameraMode":{"drawMode":0,"name":"Shaded","section":"Shading Mode"},"sceneLighting":true,"audioPlay":false,"sceneViewState":{"showFog":true,"showMaterialUpdate":false,"showSkybox":true,"showFlares":true,"showImageEffects":true,"showParticleSystems":true},"in2DMode":false,"pivot":{"x":-6.892530918121338,"y":-2.8810558319091799,"z":24.995651245117189},"rotation":{"x":-0.06258079409599304,"y":0.9044770002365112,"z":-0.14254127442836762,"w":-0.3970981538295746},"size":27.07172966003418,"orthographic":false}